58,annotators,,,,,,,,
'loss',-7.0487775835,'crowds_classification_6_loss',-7.0487775835,'baseline_loss',1.2367882674,'crowds_classification_6_acc',0.031986532,'baseline_acc',0.8333333333
'loss',-7.009443039,'crowds_classification_7_loss',-7.009443039,'baseline_loss',1.136347907,'crowds_classification_7_acc',0.0336700337,'baseline_acc',0.8173400673
'loss',-7.0888566874,'crowds_classification_8_loss',-7.0888566874,'baseline_loss',0.9979404047,'crowds_classification_8_acc',0.0291456229,'baseline_acc',0.851010101
'loss',-6.9321114286,'crowds_classification_9_loss',-6.9321114286,'baseline_loss',2.9263631351,'crowds_classification_9_acc',0.0213594276,'baseline_acc',0.7222222222
'loss',-7.0527799346,'crowds_classification_10_loss',-7.0527799346,'baseline_loss',1.1855284642,'crowds_classification_10_acc',0.0325126263,'baseline_acc',0.8341750842
'loss',-6.9795092894,'crowds_classification_11_loss',-6.9795092894,'baseline_loss',2.8591712678,'crowds_classification_11_acc',0.0192550505,'baseline_acc',0.7323232323
'loss',-7.0222280981,'crowds_classification_12_loss',-7.0222280981,'baseline_loss',1.2095112408,'crowds_classification_12_acc',0.0329335017,'baseline_acc',0.8148148148
'loss',-7.0221120886,'crowds_classification_13_loss',-7.0221120886,'baseline_loss',1.1865840883,'crowds_classification_13_acc',0.0303030303,'baseline_acc',0.8173400673
'loss',-6.9743814099,'crowds_classification_14_loss',-6.9743814099,'baseline_loss',2.7676067037,'crowds_classification_14_acc',0.0209385522,'baseline_acc',0.7424242424
'loss',-7.0197969077,'crowds_classification_15_loss',-7.0197969077,'baseline_loss',1.330047458,'crowds_classification_15_acc',0.0404040404,'baseline_acc',0.8156565657
'loss',-7.0636924991,'crowds_classification_16_loss',-7.0636924991,'baseline_loss',0.9670587264,'crowds_classification_16_acc',0.0211489899,'baseline_acc',0.835016835
'loss',-6.9834136738,'crowds_classification_17_loss',-6.9834136738,'baseline_loss',2.47195341,'crowds_classification_17_acc',0.0222011785,'baseline_acc',0.7567340067
'loss',-7.0168034798,'crowds_classification_18_loss',-7.0168034798,'baseline_loss',1.2521092441,'crowds_classification_18_acc',0.0348274411,'baseline_acc',0.8207070707
'loss',-7.0715205517,'crowds_classification_19_loss',-7.0715205517,'baseline_loss',1.043766566,'crowds_classification_19_acc',0.0215698653,'baseline_acc',0.8425925926
'loss',-7.0542569594,'crowds_classification_20_loss',-7.0542569594,'baseline_loss',1.105008188,'crowds_classification_20_acc',0.0338804714,'baseline_acc',0.8383838384
'loss',-7.0107850836,'crowds_classification_21_loss',-7.0107850836,'baseline_loss',1.3245640874,'crowds_classification_21_acc',0.0425084175,'baseline_acc',0.8156565657
'loss',-7.0598073086,'crowds_classification_22_loss',-7.0598073086,'baseline_loss',1.1097169955,'crowds_classification_22_acc',0.0106271044,'baseline_acc',0.8215488215
'loss',-7.0791233381,'crowds_classification_23_loss',-7.0791233381,'baseline_loss',1.0308977451,'crowds_classification_23_acc',0.0409301347,'baseline_acc',0.8383838384
'loss',-7.0845259914,'crowds_classification_24_loss',-7.0845259914,'baseline_loss',0.973852174,'crowds_classification_24_acc',0.0417718855,'baseline_acc',0.8476430976
'loss',-7.0769496703,'crowds_classification_25_loss',-7.0769496703,'baseline_loss',1.0215114062,'crowds_classification_25_acc',0.0148358586,'baseline_acc',0.8392255892
,,,,,,,,,
57,annotators,,,,,,,,
'loss',-7.086471214,'crowds_classification_26_loss',-7.086471214,'baseline_loss',0.9353389491,'crowds_classification_26_acc',0.0291456229,'baseline_acc',0.8434343434
'loss',-7.0286726486,'crowds_classification_27_loss',-7.0286726486,'baseline_loss',1.2871265179,'crowds_classification_27_acc',0.0397727273,'baseline_acc',0.8181818182
'loss',-7.0530408063,'crowds_classification_28_loss',-7.0530408063,'baseline_loss',1.0069385152,'crowds_classification_28_acc',0.0356691919,'baseline_acc',0.8333333333
'loss',-7.0432866446,'crowds_classification_29_loss',-7.0432866446,'baseline_loss',1.1721364847,'crowds_classification_29_acc',0.0462962963,'baseline_acc',0.8316498316
'loss',-7.0573258416,'crowds_classification_30_loss',-7.0573258416,'baseline_loss',1.0236902114,'crowds_classification_30_acc',0.0097853535,'baseline_acc',0.8223905724
'loss',-7.0547754243,'crowds_classification_31_loss',-7.0547754243,'baseline_loss',1.1715003143,'crowds_classification_31_acc',0.0088383838,'baseline_acc',0.8181818182
'loss',-6.9464048103,'crowds_classification_32_loss',-6.9464048103,'baseline_loss',2.8512918203,'crowds_classification_32_acc',0.0220959596,'baseline_acc',0.7306397306
'loss',-6.9898270437,'crowds_classification_33_loss',-6.9898270437,'baseline_loss',1.3159034337,'crowds_classification_33_acc',0.0347222222,'baseline_acc',0.813973064
'loss',-6.985550646,'crowds_classification_34_loss',-6.985550646,'baseline_loss',2.3699975592,'crowds_classification_34_acc',0.0310395623,'baseline_acc',0.7617845118
'loss',-7.0860422789,'crowds_classification_35_loss',-7.0860422789,'baseline_loss',0.9420229655,'crowds_classification_35_acc',0.0429292929,'baseline_acc',0.8425925926
'loss',-7.0834261063,'crowds_classification_36_loss',-7.0834261063,'baseline_loss',1.0015395865,'crowds_classification_36_acc',0.030513468,'baseline_acc',0.8392255892
'loss',-7.0618662433,'crowds_classification_37_loss',-7.0618662433,'baseline_loss',1.0355256357,'crowds_classification_37_acc',0.0397727273,'baseline_acc',0.8274410774
'loss',-7.0618802514,'crowds_classification_38_loss',-7.0618802514,'baseline_loss',1.0318743998,'crowds_classification_38_acc',0.037037037,'baseline_acc',0.8409090909
'loss',-7.0560180748,'crowds_classification_39_loss',-7.0560180748,'baseline_loss',1.1317306652,'crowds_classification_39_acc',0.0301978114,'baseline_acc',0.8367003367
'loss',-7.0246308564,'crowds_classification_40_loss',-7.0246308564,'baseline_loss',1.204803855,'crowds_classification_40_acc',0.009469697,'baseline_acc',0.8080808081
'loss',-7.0628920982,'crowds_classification_41_loss',-7.0628920982,'baseline_loss',1.1616490163,'crowds_classification_41_acc',0.0366161616,'baseline_acc',0.8341750842
'loss',-7.0037189108,'crowds_classification_42_loss',-7.0037189108,'baseline_loss',2.2645472817,'crowds_classification_42_acc',0.0199915825,'baseline_acc',0.7609427609
'loss',-7.0782879756,'crowds_classification_43_loss',-7.0782879756,'baseline_loss',0.8534242235,'crowds_classification_43_acc',0.0301978114,'baseline_acc',0.8417508418
'loss',-7.0465485143,'crowds_classification_44_loss',-7.0465485143,'baseline_loss',1.1516142558,'crowds_classification_44_acc',0.0346170034,'baseline_acc',0.8308080808
'loss',-7.04326909,'crowds_classification_45_loss',-7.04326909,'baseline_loss',1.1408106282,'crowds_classification_45_acc',0.0345117845,'baseline_acc',0.8308080808
,,,,,,,,,
56,annotators,,,,,,,,
'loss',-7.0222333015,'crowds_classification_46_loss',-7.0222333015,'baseline_loss',1.2180060184,'crowds_classification_46_acc',0.0289351852,'baseline_acc',0.8114478114
'loss',-7.0523508149,'crowds_classification_47_loss',-7.0523508149,'baseline_loss',0.9917182699,'crowds_classification_47_acc',0.0315656566,'baseline_acc',0.8274410774
'loss',-7.1087790852,'crowds_classification_48_loss',-7.1087790852,'baseline_loss',0.8883627438,'crowds_classification_48_acc',0.0318813131,'baseline_acc',0.8560606061
'loss',-7.1042658488,'crowds_classification_49_loss',-7.1042658488,'baseline_loss',1.0186126219,'crowds_classification_49_acc',0.0332491582,'baseline_acc',0.8501683502
'loss',-7.1038086567,'crowds_classification_50_loss',-7.1038086567,'baseline_loss',0.9948358832,'crowds_classification_50_acc',0.0295664983,'baseline_acc',0.8518518519
'loss',-7.0700952357,'crowds_classification_51_loss',-7.0700952357,'baseline_loss',0.9860747168,'crowds_classification_51_acc',0.0310395623,'baseline_acc',0.8291245791
'loss',-7.0882439485,'crowds_classification_52_loss',-7.0882439485,'baseline_loss',1.036344731,'crowds_classification_52_acc',0.029040404,'baseline_acc',0.8468013468
'loss',-7.0806475713,'crowds_classification_53_loss',-7.0806475713,'baseline_loss',1.0068600817,'crowds_classification_53_acc',0.0317760943,'baseline_acc',0.8383838384
'loss',-7.0555645191,'crowds_classification_54_loss',-7.0555645191,'baseline_loss',1.0559644054,'crowds_classification_54_acc',0.0330387205,'baseline_acc',0.8324915825
'loss',-7.0864776072,'crowds_classification_55_loss',-7.0864776072,'baseline_loss',1.0060426424,'crowds_classification_55_acc',0.0307239057,'baseline_acc',0.8468013468
'loss',-7.0391948247,'crowds_classification_56_loss',-7.0391948247,'baseline_loss',1.1674161981,'crowds_classification_56_acc',0.0446127946,'baseline_acc',0.8156565657
'loss',-6.9575738666,'crowds_classification_57_loss',-6.9575738666,'baseline_loss',2.9109633841,'crowds_classification_57_acc',0.0204124579,'baseline_acc',0.734006734
'loss',-6.9638493069,'crowds_classification_58_loss',-6.9638493069,'baseline_loss',2.7270590523,'crowds_classification_58_acc',0.0191498316,'baseline_acc',0.7533670034
'loss',-7.0216027575,'crowds_classification_59_loss',-7.0216027575,'baseline_loss',1.2055030043,'crowds_classification_59_acc',0.0348274411,'baseline_acc',0.8173400673
'loss',-7.0953707326,'crowds_classification_60_loss',-7.0953707326,'baseline_loss',0.9114857654,'crowds_classification_60_acc',0.0320917508,'baseline_acc',0.8468013468
'loss',-7.0576519806,'crowds_classification_61_loss',-7.0576519806,'baseline_loss',1.0776395365,'crowds_classification_61_acc',0.0360900673,'baseline_acc',0.8375420875
'loss',-7.0659517712,'crowds_classification_62_loss',-7.0659517712,'baseline_loss',0.9474982525,'crowds_classification_62_acc',0.031986532,'baseline_acc',0.8375420875
'loss',-6.9456312359,'crowds_classification_63_loss',-6.9456312359,'baseline_loss',2.8791990346,'crowds_classification_63_acc',0.0243055556,'baseline_acc',0.7331649832
'loss',-7.03857725,'crowds_classification_64_loss',-7.03857725,'baseline_loss',1.0918423049,'crowds_classification_64_acc',0.0355639731,'baseline_acc',0.8223905724
'loss',-6.963749497,'crowds_classification_65_loss',-6.963749497,'baseline_loss',2.8244004918,'crowds_classification_65_acc',0.0209385522,'baseline_acc',0.7525252525
,,,,,,,,,
55,annotators,,,,,,,,
'loss',-6.9895521447,'crowds_classification_66_loss',-6.9895521447,'baseline_loss',2.7211153276,'crowds_classification_66_acc',0.0306186869,'baseline_acc',0.7424242424
'loss',-7.0398161901,'crowds_classification_67_loss',-7.0398161901,'baseline_loss',1.1305187447,'crowds_classification_67_acc',0.0324074074,'baseline_acc',0.8291245791
'loss',-7.0326211396,'crowds_classification_68_loss',-7.0326211396,'baseline_loss',1.2423977037,'crowds_classification_68_acc',0.0309343434,'baseline_acc',0.8198653199
'loss',-7.0606985301,'crowds_classification_69_loss',-7.0606985301,'baseline_loss',1.2216335449,'crowds_classification_69_acc',0.0310395623,'baseline_acc',0.8316498316
'loss',-7.1348211195,'crowds_classification_70_loss',-7.1348211195,'baseline_loss',0.7674065158,'crowds_classification_70_acc',0.0301978114,'baseline_acc',0.8543771044
'loss',-7.0810242646,'crowds_classification_71_loss',-7.0810242646,'baseline_loss',1.0102545762,'crowds_classification_71_acc',0.0237794613,'baseline_acc',0.8383838384
'loss',-7.0211438057,'crowds_classification_72_loss',-7.0211438057,'baseline_loss',1.1750693699,'crowds_classification_72_acc',0.037773569,'baseline_acc',0.813973064
'loss',-6.9246834328,'crowds_classification_73_loss',-6.9246834328,'baseline_loss',1.9296230716,'crowds_classification_73_acc',0.0252525253,'baseline_acc',0.7407407407
'loss',-7.0738880257,'crowds_classification_74_loss',-7.0738880257,'baseline_loss',1.0648820802,'crowds_classification_74_acc',0.0317760943,'baseline_acc',0.8316498316
'loss',-7.0531207175,'crowds_classification_75_loss',-7.0531207175,'baseline_loss',1.172204216,'crowds_classification_75_acc',0.0314604377,'baseline_acc',0.8291245791
'loss',-7.0850302892,'crowds_classification_76_loss',-7.0850302892,'baseline_loss',1.0417845282,'crowds_classification_76_acc',0.0424031987,'baseline_acc',0.8282828283
'loss',-7.0978685276,'crowds_classification_77_loss',-7.0978685276,'baseline_loss',0.9379442377,'crowds_classification_77_acc',0.0202020202,'baseline_acc',0.8476430976
'loss',-7.0718452762,'crowds_classification_78_loss',-7.0718452762,'baseline_loss',1.0916933692,'crowds_classification_78_acc',0.0321969697,'baseline_acc',0.8341750842
'loss',-7.0611411506,'crowds_classification_79_loss',-7.0611411506,'baseline_loss',1.1931977409,'crowds_classification_79_acc',0.0115740741,'baseline_acc',0.8198653199
'loss',-7.056194649,'crowds_classification_80_loss',-7.056194649,'baseline_loss',1.1846294004,'crowds_classification_80_acc',0.0339856902,'baseline_acc',0.819023569
'loss',-7.0861987618,'crowds_classification_81_loss',-7.0861987618,'baseline_loss',0.9979133134,'crowds_classification_81_acc',0.0326178451,'baseline_acc',0.8367003367
'loss',-7.0666511741,'crowds_classification_82_loss',-7.0666511741,'baseline_loss',1.0645020135,'crowds_classification_82_acc',0.0335648148,'baseline_acc',0.8375420875
'loss',-6.9791601836,'crowds_classification_83_loss',-6.9791601836,'baseline_loss',2.560450014,'crowds_classification_83_acc',0.0211489899,'baseline_acc',0.7474747475
'loss',-6.9736500557,'crowds_classification_84_loss',-6.9736500557,'baseline_loss',2.7099853932,'crowds_classification_84_acc',0.0204124579,'baseline_acc',0.7533670034
'loss',-7.0547187625,'crowds_classification_85_loss',-7.0547187625,'baseline_loss',1.077292687,'crowds_classification_85_acc',0.0367213805,'baseline_acc',0.8282828283
,,,,,,,,,
54,annotators,,,,,,,,
'loss',-7.0660333152,'crowds_classification_86_loss',-7.0660333152,'baseline_loss',1.0423274419,'crowds_classification_86_acc',0.0337752525,'baseline_acc',0.8232323232
'loss',-6.993294239,'crowds_classification_87_loss',-6.993294239,'baseline_loss',1.1648487934,'crowds_classification_87_acc',0.0250420875,'baseline_acc',0.8038720539
'loss',-7.1160889956,'crowds_classification_88_loss',-7.1160889956,'baseline_loss',0.9080593242,'crowds_classification_88_acc',0.0309343434,'baseline_acc',0.8518518519
'loss',-7.0752631839,'crowds_classification_89_loss',-7.0752631839,'baseline_loss',1.2180898564,'crowds_classification_89_acc',0.0223063973,'baseline_acc',0.8181818182
'loss',-7.1035754721,'crowds_classification_90_loss',-7.1035754721,'baseline_loss',1.0403012465,'crowds_classification_90_acc',0.031986532,'baseline_acc',0.8425925926
'loss',-6.917270084,'crowds_classification_91_loss',-6.917270084,'baseline_loss',3.0617896024,'crowds_classification_91_acc',0.022516835,'baseline_acc',0.7205387205
'loss',-7.0948642127,'crowds_classification_92_loss',-7.0948642127,'baseline_loss',1.0124728143,'crowds_classification_92_acc',0.0119949495,'baseline_acc',0.8375420875
'loss',-7.077659273,'crowds_classification_93_loss',-7.077659273,'baseline_loss',1.0613485306,'crowds_classification_93_acc',0.0318813131,'baseline_acc',0.8367003367
'loss',-7.0762933416,'crowds_classification_94_loss',-7.0762933416,'baseline_loss',1.0661681767,'crowds_classification_94_acc',0.0346170034,'baseline_acc',0.8358585859
'loss',-7.0426991235,'crowds_classification_95_loss',-7.0426991235,'baseline_loss',1.2922422138,'crowds_classification_95_acc',0.0347222222,'baseline_acc',0.8223905724
'loss',-7.0783311269,'crowds_classification_96_loss',-7.0783311269,'baseline_loss',0.9188850233,'crowds_classification_96_acc',0.0315656566,'baseline_acc',0.8425925926
'loss',-7.0965094037,'crowds_classification_97_loss',-7.0965094037,'baseline_loss',0.9282093235,'crowds_classification_97_acc',0.033459596,'baseline_acc',0.8375420875
'loss',-7.1084756434,'crowds_classification_98_loss',-7.1084756434,'baseline_loss',1.0896819185,'crowds_classification_98_acc',0.0317760943,'baseline_acc',0.851010101
'loss',-7.0768354654,'crowds_classification_99_loss',-7.0768354654,'baseline_loss',1.0149295947,'crowds_classification_99_acc',0.0206228956,'baseline_acc',0.8358585859
'loss',-7.0872895838,'crowds_classification_100_loss',-7.0872895838,'baseline_loss',0.9784432018,'crowds_classification_100_acc',0.0330387205,'baseline_acc',0.8434343434
'loss',-7.0904798781,'crowds_classification_101_loss',-7.0904798781,'baseline_loss',1.0336052988,'crowds_classification_101_acc',0.0226220539,'baseline_acc',0.8400673401
'loss',-6.9180567529,'crowds_classification_102_loss',-6.9180567529,'baseline_loss',2.9952560507,'crowds_classification_102_acc',0.0214646465,'baseline_acc',0.7239057239
'loss',-7.1500598766,'crowds_classification_103_loss',-7.1500598766,'baseline_loss',0.7788233427,'crowds_classification_103_acc',0.0283038721,'baseline_acc',0.8703703704
'loss',-7.1024639053,'crowds_classification_104_loss',-7.1024639053,'baseline_loss',0.9967716439,'crowds_classification_104_acc',0.0208333333,'baseline_acc',0.8425925926
'loss',-7.0999837564,'crowds_classification_105_loss',-7.0999837564,'baseline_loss',1.0010883872,'crowds_classification_105_acc',0.0308291246,'baseline_acc',0.845959596
,,,,,,,,,
53,annotators,,,,,,,,
'loss',-7.0549099052,'crowds_classification_106_loss',-7.0549099052,'baseline_loss',1.19499508,'crowds_classification_106_acc',0.0303030303,'baseline_acc',0.8173400673
'loss',-7.0752413088,'crowds_classification_107_loss',-7.0752413088,'baseline_loss',1.211715105,'crowds_classification_107_acc',0.0306186869,'baseline_acc',0.8291245791
'loss',-7.0803662679,'crowds_classification_108_loss',-7.0803662679,'baseline_loss',1.013589933,'crowds_classification_108_acc',0.022516835,'baseline_acc',0.8291245791
'loss',-7.0812044144,'crowds_classification_109_loss',-7.0812044144,'baseline_loss',1.0163342814,'crowds_classification_109_acc',0.0351430976,'baseline_acc',0.8333333333
'loss',-7.0645650838,'crowds_classification_110_loss',-7.0645650838,'baseline_loss',1.1186830178,'crowds_classification_110_acc',0.0303030303,'baseline_acc',0.8291245791
'loss',-7.1104092132,'crowds_classification_111_loss',-7.1104092132,'baseline_loss',0.9808300284,'crowds_classification_111_acc',0.0324074074,'baseline_acc',0.8552188552
'loss',-7.0421984188,'crowds_classification_112_loss',-7.0421984188,'baseline_loss',1.2454913258,'crowds_classification_112_acc',0.0317760943,'baseline_acc',0.8198653199
'loss',-7.059828222,'crowds_classification_113_loss',-7.059828222,'baseline_loss',1.1762277082,'crowds_classification_113_acc',0.0216750842,'baseline_acc',0.8215488215
'loss',-7.039537014,'crowds_classification_114_loss',-7.039537014,'baseline_loss',1.4533844247,'crowds_classification_114_acc',0.0338804714,'baseline_acc',0.8164983165
'loss',-7.0554131306,'crowds_classification_115_loss',-7.0554131306,'baseline_loss',1.0002153814,'crowds_classification_115_acc',0.0394570707,'baseline_acc',0.8240740741
'loss',-7.067701839,'crowds_classification_116_loss',-7.067701839,'baseline_loss',1.0850342266,'crowds_classification_116_acc',0.0321969697,'baseline_acc',0.8249158249
'loss',-7.0872231092,'crowds_classification_117_loss',-7.0872231092,'baseline_loss',1.1174959664,'crowds_classification_117_acc',0.0325126263,'baseline_acc',0.8308080808
'loss',-7.0848217556,'crowds_classification_118_loss',-7.0848217556,'baseline_loss',0.9094991775,'crowds_classification_118_acc',0.0341961279,'baseline_acc',0.8358585859
'loss',-7.0654417963,'crowds_classification_119_loss',-7.0654417963,'baseline_loss',1.1431299469,'crowds_classification_119_acc',0.0343013468,'baseline_acc',0.8240740741
'loss',-7.0593886359,'crowds_classification_120_loss',-7.0593886359,'baseline_loss',1.2664350649,'crowds_classification_120_acc',0.0010521886,'baseline_acc',0.8232323232
'loss',-7.0959960796,'crowds_classification_121_loss',-7.0959960796,'baseline_loss',1.1703338515,'crowds_classification_121_acc',0.0316708754,'baseline_acc',0.8409090909
'loss',-7.0561291537,'crowds_classification_122_loss',-7.0561291537,'baseline_loss',1.2143470643,'crowds_classification_122_acc',0.0204124579,'baseline_acc',0.8257575758
'loss',-7.0571716498,'crowds_classification_123_loss',-7.0571716498,'baseline_loss',1.0705458837,'crowds_classification_123_acc',0.0447180135,'baseline_acc',0.8249158249
'loss',-7.1195223805,'crowds_classification_124_loss',-7.1195223805,'baseline_loss',0.9564111659,'crowds_classification_124_acc',0.0311447811,'baseline_acc',0.8484848485
'loss',-7.0566466296,'crowds_classification_125_loss',-7.0566466296,'baseline_loss',1.193254731,'crowds_classification_125_acc',0.03125,'baseline_acc',0.8207070707
,,,,,,,,,
52,annotators,,,,,,,,
'loss',-6.9728177453,'crowds_classification_126_loss',-6.9728177453,'baseline_loss',3.0936202903,'crowds_classification_126_acc',0.0224116162,'baseline_acc',0.7264309764
'loss',-7.0801909427,'crowds_classification_127_loss',-7.0801909427,'baseline_loss',1.0674201914,'crowds_classification_127_acc',0.031986532,'baseline_acc',0.82996633
'loss',-7.1036566628,'crowds_classification_128_loss',-7.1036566628,'baseline_loss',1.1176967632,'crowds_classification_128_acc',0.0325126263,'baseline_acc',0.8375420875
'loss',-7.0474100546,'crowds_classification_129_loss',-7.0474100546,'baseline_loss',1.2646529897,'crowds_classification_129_acc',0.0298821549,'baseline_acc',0.8089225589
'loss',-7.0966368027,'crowds_classification_130_loss',-7.0966368027,'baseline_loss',1.1582856387,'crowds_classification_130_acc',0.0355639731,'baseline_acc',0.8392255892
'loss',-7.0821651561,'crowds_classification_131_loss',-7.0821651561,'baseline_loss',1.1146810366,'crowds_classification_131_acc',0.0324074074,'baseline_acc',0.8333333333
'loss',-7.0793559334,'crowds_classification_132_loss',-7.0793559334,'baseline_loss',1.1050884327,'crowds_classification_132_acc',0.0321969697,'baseline_acc',0.8308080808
'loss',-7.0233730676,'crowds_classification_133_loss',-7.0233730676,'baseline_loss',1.2153146248,'crowds_classification_133_acc',0.0321969697,'baseline_acc',0.8122895623
'loss',-7.1350253279,'crowds_classification_134_loss',-7.1350253279,'baseline_loss',0.8235209134,'crowds_classification_134_acc',0.0300925926,'baseline_acc',0.845959596
'loss',-7.1114313787,'crowds_classification_135_loss',-7.1114313787,'baseline_loss',0.9750979737,'crowds_classification_135_acc',0.0321969697,'baseline_acc',0.8400673401
'loss',-7.1200044548,'crowds_classification_136_loss',-7.1200044548,'baseline_loss',0.8043009707,'crowds_classification_136_acc',0.0326178451,'baseline_acc',0.8484848485
'loss',-7.1283628017,'crowds_classification_137_loss',-7.1283628017,'baseline_loss',0.9001529916,'crowds_classification_137_acc',0.0287247475,'baseline_acc',0.8476430976
'loss',-7.1287299214,'crowds_classification_138_loss',-7.1287299214,'baseline_loss',0.967295182,'crowds_classification_138_acc',0.0340909091,'baseline_acc',0.8501683502
'loss',-7.0878731956,'crowds_classification_139_loss',-7.0878731956,'baseline_loss',1.0575822432,'crowds_classification_139_acc',0.0357744108,'baseline_acc',0.8333333333
'loss',-7.0817421229,'crowds_classification_140_loss',-7.0817421229,'baseline_loss',1.1397092904,'crowds_classification_140_acc',0.0325126263,'baseline_acc',0.8316498316
'loss',-7.095775312,'crowds_classification_141_loss',-7.095775312,'baseline_loss',1.0941798323,'crowds_classification_141_acc',0.0341961279,'baseline_acc',0.8383838384
'loss',-7.0846602523,'crowds_classification_142_loss',-7.0846602523,'baseline_loss',1.168048167,'crowds_classification_142_acc',0.0289351852,'baseline_acc',0.8375420875
'loss',-7.0651540307,'crowds_classification_143_loss',-7.0651540307,'baseline_loss',1.2131715927,'crowds_classification_143_acc',0.0122053872,'baseline_acc',0.8097643098
'loss',-7.0738169031,'crowds_classification_144_loss',-7.0738169031,'baseline_loss',1.0695697215,'crowds_classification_144_acc',0.031986532,'baseline_acc',0.835016835
'loss',-7.0860652522,'crowds_classification_145_loss',-7.0860652522,'baseline_loss',1.1319967123,'crowds_classification_145_acc',0.0200968013,'baseline_acc',0.835016835
,,,,,,,,,
51,annotators,,,,,,,,
'loss',-7.0957294682,'crowds_classification_146_loss',-7.0957294682,'baseline_loss',1.1139134135,'crowds_classification_146_acc',0.0301978114,'baseline_acc',0.8333333333
'loss',-7.0405008753,'crowds_classification_147_loss',-7.0405008753,'baseline_loss',2.4371857722,'crowds_classification_147_acc',0.0192550505,'baseline_acc',0.765993266
'loss',-7.0921665474,'crowds_classification_148_loss',-7.0921665474,'baseline_loss',1.1056632094,'crowds_classification_148_acc',0.0230429293,'baseline_acc',0.8257575758
'loss',-7.1101989104,'crowds_classification_149_loss',-7.1101989104,'baseline_loss',1.0461219793,'crowds_classification_149_acc',0.0090488215,'baseline_acc',0.8265993266
'loss',-7.1145735269,'crowds_classification_150_loss',-7.1145735269,'baseline_loss',0.9895988133,'crowds_classification_150_acc',0.0215698653,'baseline_acc',0.8333333333
'loss',-7.0424870658,'crowds_classification_151_loss',-7.0424870658,'baseline_loss',1.2018464085,'crowds_classification_151_acc',0.0349326599,'baseline_acc',0.8122895623
'loss',-7.0751658369,'crowds_classification_152_loss',-7.0751658369,'baseline_loss',1.0859737547,'crowds_classification_152_acc',0.0346170034,'baseline_acc',0.8282828283
'loss',-7.0168657496,'crowds_classification_153_loss',-7.0168657496,'baseline_loss',2.6836424329,'crowds_classification_153_acc',0.0212542088,'baseline_acc',0.7491582492
'loss',-7.0197307943,'crowds_classification_154_loss',-7.0197307943,'baseline_loss',2.5195018845,'crowds_classification_154_acc',0.021780303,'baseline_acc',0.7550505051
'loss',-7.0867709102,'crowds_classification_155_loss',-7.0867709102,'baseline_loss',1.1733777559,'crowds_classification_155_acc',0.023253367,'baseline_acc',0.8207070707
'loss',-7.0756438461,'crowds_classification_156_loss',-7.0756438461,'baseline_loss',0.9201296563,'crowds_classification_156_acc',0.0396675084,'baseline_acc',0.8240740741
'loss',-7.0657136641,'crowds_classification_157_loss',-7.0657136641,'baseline_loss',1.0864620091,'crowds_classification_157_acc',0.0243055556,'baseline_acc',0.8257575758
'loss',-7.0666176574,'crowds_classification_158_loss',-7.0666176574,'baseline_loss',1.1657491035,'crowds_classification_158_acc',0.0207281145,'baseline_acc',0.8038720539
'loss',-7.0858310096,'crowds_classification_159_loss',-7.0858310096,'baseline_loss',1.1200290301,'crowds_classification_159_acc',0.0321969697,'baseline_acc',0.8324915825
'loss',-7.0734164177,'crowds_classification_160_loss',-7.0734164177,'baseline_loss',1.0962016975,'crowds_classification_160_acc',0.0226220539,'baseline_acc',0.8324915825
'loss',-7.1038730747,'crowds_classification_161_loss',-7.1038730747,'baseline_loss',0.9804407979,'crowds_classification_161_acc',0.0126262626,'baseline_acc',0.8232323232
'loss',-7.089666434,'crowds_classification_162_loss',-7.089666434,'baseline_loss',1.0096937144,'crowds_classification_162_acc',0.0311447811,'baseline_acc',0.8358585859
'loss',-7.1366896019,'crowds_classification_163_loss',-7.1366896019,'baseline_loss',0.887560607,'crowds_classification_163_acc',0.0431397306,'baseline_acc',0.8518518519
'loss',-7.0899938911,'crowds_classification_164_loss',-7.0899938911,'baseline_loss',1.0371229767,'crowds_classification_164_acc',0.0249368687,'baseline_acc',0.8409090909
'loss',-7.0356601095,'crowds_classification_165_loss',-7.0356601095,'baseline_loss',1.1998343439,'crowds_classification_165_acc',0.0335648148,'baseline_acc',0.8072390572
,,,,,,,,,
50,annotators,,,,,,,,
'loss',-7.0737578684,'crowds_classification_1_loss',-7.0737578684,'baseline_loss',1.1320360004,'crowds_classification_1_acc',0.0344065657,'baseline_acc',0.8282828283
'loss',-7.0970463801,'crowds_classification_2_loss',-7.0970463801,'baseline_loss',1.0624232748,'crowds_classification_2_acc',0.044297138,'baseline_acc',0.8308080808
'loss',-7.0843256989,'crowds_classification_3_loss',-7.0843256989,'baseline_loss',1.1485896374,'crowds_classification_3_acc',0.0132575758,'baseline_acc',0.8114478114
'loss',-7.124007148,'crowds_classification_4_loss',-7.124007148,'baseline_loss',0.8807501965,'crowds_classification_4_acc',0.0314604377,'baseline_acc',0.8400673401
'loss',-7.1234132545,'crowds_classification_5_loss',-7.1234132545,'baseline_loss',0.9543710457,'crowds_classification_5_acc',0.0227272727,'baseline_acc',0.845959596
'loss',-7.0307475164,'crowds_classification_6_loss',-7.0307475164,'baseline_loss',2.666639942,'crowds_classification_6_acc',0.0215698653,'baseline_acc',0.7466329966
'loss',-7.1086393607,'crowds_classification_7_loss',-7.1086393607,'baseline_loss',1.0270450097,'crowds_classification_7_acc',0.033459596,'baseline_acc',0.8333333333
'loss',-7.0934524071,'crowds_classification_8_loss',-7.0934524071,'baseline_loss',1.0665766811,'crowds_classification_8_acc',0.0220959596,'baseline_acc',0.8223905724
'loss',-7.1157636418,'crowds_classification_9_loss',-7.1157636418,'baseline_loss',1.0184044894,'crowds_classification_9_acc',0.029776936,'baseline_acc',0.8383838384
'loss',-7.1462411142,'crowds_classification_10_loss',-7.1462411142,'baseline_loss',0.8993913202,'crowds_classification_10_acc',0.0240951178,'baseline_acc',0.8484848485
'loss',-7.0420519511,'crowds_classification_11_loss',-7.0420519511,'baseline_loss',1.3504065331,'crowds_classification_11_acc',0.0440867003,'baseline_acc',0.8080808081
'loss',-7.1309209528,'crowds_classification_12_loss',-7.1309209528,'baseline_loss',0.9238695542,'crowds_classification_12_acc',0.0300925926,'baseline_acc',0.8476430976
'loss',-6.9995110894,'crowds_classification_13_loss',-6.9995110894,'baseline_loss',2.7612482593,'crowds_classification_13_acc',0.033459596,'baseline_acc',0.7483164983
'loss',-7.0702270691,'crowds_classification_14_loss',-7.0702270691,'baseline_loss',1.0952673908,'crowds_classification_14_acc',0.0314604377,'baseline_acc',0.8240740741
'loss',-7.0954210301,'crowds_classification_15_loss',-7.0954210301,'baseline_loss',1.1965146739,'crowds_classification_15_acc',0.0459806397,'baseline_acc',0.8333333333
'loss',-7.0623353643,'crowds_classification_16_loss',-7.0623353643,'baseline_loss',1.2701034968,'crowds_classification_16_acc',0.0318813131,'baseline_acc',0.819023569
'loss',-7.0855075342,'crowds_classification_17_loss',-7.0855075342,'baseline_loss',1.2569215274,'crowds_classification_17_acc',0.0307239057,'baseline_acc',0.8282828283
'loss',-7.0766968213,'crowds_classification_18_loss',-7.0766968213,'baseline_loss',1.2462451662,'crowds_classification_18_acc',0.0212542088,'baseline_acc',0.8308080808
'loss',-7.1097868605,'crowds_classification_19_loss',-7.1097868605,'baseline_loss',1.0607831451,'crowds_classification_19_acc',0.0116792929,'baseline_acc',0.8316498316
'loss',-7.1120001347,'crowds_classification_20_loss',-7.1120001347,'baseline_loss',1.0229069881,'crowds_classification_20_acc',0.0132575758,'baseline_acc',0.8282828283
,,,,,,,,,
49,annotators,,,,,,,,
'loss',-7.1065259494,'crowds_classification_21_loss',-7.1065259494,'baseline_loss',1.0308568085,'crowds_classification_21_acc',0.032723064,'baseline_acc',0.8291245791
'loss',-7.1419948921,'crowds_classification_22_loss',-7.1419948921,'baseline_loss',0.9454046495,'crowds_classification_22_acc',0.0420875421,'baseline_acc',0.8493265993
'loss',-7.0604972229,'crowds_classification_23_loss',-7.0604972229,'baseline_loss',1.2945601268,'crowds_classification_23_acc',0.0324074074,'baseline_acc',0.8198653199
'loss',-7.0975501626,'crowds_classification_24_loss',-7.0975501626,'baseline_loss',1.2310831669,'crowds_classification_24_acc',0.0097853535,'baseline_acc',0.8181818182
'loss',-7.1148198831,'crowds_classification_25_loss',-7.1148198831,'baseline_loss',1.1777974861,'crowds_classification_25_acc',0.0348274411,'baseline_acc',0.8409090909
'loss',-7.1088466131,'crowds_classification_26_loss',-7.1088466131,'baseline_loss',1.0613309552,'crowds_classification_26_acc',0.0431397306,'baseline_acc',0.8409090909
'loss',-7.1170749215,'crowds_classification_27_loss',-7.1170749215,'baseline_loss',1.1158322471,'crowds_classification_27_acc',0.033459596,'baseline_acc',0.8392255892
'loss',-6.9852802954,'crowds_classification_28_loss',-6.9852802954,'baseline_loss',2.988677503,'crowds_classification_28_acc',0.0231481481,'baseline_acc',0.734006734
'loss',-7.0811332709,'crowds_classification_29_loss',-7.0811332709,'baseline_loss',1.1253519568,'crowds_classification_29_acc',0.0352483165,'baseline_acc',0.8249158249
'loss',-7.1156482889,'crowds_classification_30_loss',-7.1156482889,'baseline_loss',1.1061510497,'crowds_classification_30_acc',0.0314604377,'baseline_acc',0.8232323232
'loss',-7.1181807197,'crowds_classification_31_loss',-7.1181807197,'baseline_loss',0.9875663087,'crowds_classification_31_acc',0.0213594276,'baseline_acc',0.8375420875
'loss',-7.1463473911,'crowds_classification_32_loss',-7.1463473911,'baseline_loss',0.91146301,'crowds_classification_32_acc',0.0309343434,'baseline_acc',0.8468013468
'loss',-7.1116159532,'crowds_classification_33_loss',-7.1116159532,'baseline_loss',1.1285022263,'crowds_classification_33_acc',0.0299873737,'baseline_acc',0.8265993266
'loss',-7.1192321842,'crowds_classification_34_loss',-7.1192321842,'baseline_loss',1.1481098478,'crowds_classification_34_acc',0.0349326599,'baseline_acc',0.8425925926
'loss',-7.0363819912,'crowds_classification_35_loss',-7.0363819912,'baseline_loss',1.586671982,'crowds_classification_35_acc',0.0104166667,'baseline_acc',0.781986532
'loss',-7.0877269045,'crowds_classification_36_loss',-7.0877269045,'baseline_loss',1.1865218794,'crowds_classification_36_acc',0.0440867003,'baseline_acc',0.8308080808
'loss',-7.0655920594,'crowds_classification_37_loss',-7.0655920594,'baseline_loss',1.3444811652,'crowds_classification_37_acc',0.0318813131,'baseline_acc',0.8148148148
'loss',-7.0731881588,'crowds_classification_38_loss',-7.0731881588,'baseline_loss',1.226711743,'crowds_classification_38_acc',0.0117845118,'baseline_acc',0.8106060606
'loss',-7.0200596482,'crowds_classification_39_loss',-7.0200596482,'baseline_loss',2.6187811635,'crowds_classification_39_acc',0.0226220539,'baseline_acc',0.7516835017
'loss',-7.0683499892,'crowds_classification_40_loss',-7.0683499892,'baseline_loss',1.2533985148,'crowds_classification_40_acc',0.0338804714,'baseline_acc',0.8249158249
,,,,,,,,,
48,annotators,,,,,,,,
'loss',-7.1033955873,'crowds_classification_41_loss',-7.1033955873,'baseline_loss',1.1212430041,'crowds_classification_41_acc',0.0230429293,'baseline_acc',0.8156565657
'loss',-7.0788832947,'crowds_classification_42_loss',-7.0788832947,'baseline_loss',1.1648160485,'crowds_classification_42_acc',0.0326178451,'baseline_acc',0.8265993266
'loss',-7.1483717671,'crowds_classification_43_loss',-7.1483717671,'baseline_loss',1.0995453165,'crowds_classification_43_acc',0.0114688552,'baseline_acc',0.8425925926
'loss',-7.0815442805,'crowds_classification_44_loss',-7.0815442805,'baseline_loss',1.1586525908,'crowds_classification_44_acc',0.0436658249,'baseline_acc',0.8181818182
'loss',-7.0673281111,'crowds_classification_45_loss',-7.0673281111,'baseline_loss',1.3545816917,'crowds_classification_45_acc',0.0127314815,'baseline_acc',0.7988215488
'loss',-7.1366597282,'crowds_classification_46_loss',-7.1366597282,'baseline_loss',0.9155552192,'crowds_classification_46_acc',0.033459596,'baseline_acc',0.8392255892
'loss',-6.9876828162,'crowds_classification_47_loss',-6.9876828162,'baseline_loss',2.5183368339,'crowds_classification_47_acc',0.0243055556,'baseline_acc',0.7365319865
'loss',-7.0756840064,'crowds_classification_48_loss',-7.0756840064,'baseline_loss',1.1183327612,'crowds_classification_48_acc',0.0211489899,'baseline_acc',0.8164983165
'loss',-7.120655238,'crowds_classification_49_loss',-7.120655238,'baseline_loss',0.8980392613,'crowds_classification_49_acc',0.0306186869,'baseline_acc',0.82996633
'loss',-7.0713896575,'crowds_classification_50_loss',-7.0713896575,'baseline_loss',1.1232700682,'crowds_classification_50_acc',0.0310395623,'baseline_acc',0.8114478114
'loss',-7.1211022207,'crowds_classification_51_loss',-7.1211022207,'baseline_loss',1.0542959685,'crowds_classification_51_acc',0.0198863636,'baseline_acc',0.8257575758
'loss',-6.9760537806,'crowds_classification_52_loss',-6.9760537806,'baseline_loss',2.9551488669,'crowds_classification_52_acc',0.0001052189,'baseline_acc',0.712962963
'loss',-7.0779499687,'crowds_classification_53_loss',-7.0779499687,'baseline_loss',1.118629184,'crowds_classification_53_acc',0.0294612795,'baseline_acc',0.8114478114
'loss',-7.1260627544,'crowds_classification_54_loss',-7.1260627544,'baseline_loss',1.0396265441,'crowds_classification_54_acc',0.0229377104,'baseline_acc',0.8341750842
'loss',-7.1394536455,'crowds_classification_55_loss',-7.1394536455,'baseline_loss',0.9876626761,'crowds_classification_55_acc',0.0299873737,'baseline_acc',0.8392255892
'loss',-7.0912546855,'crowds_classification_56_loss',-7.0912546855,'baseline_loss',1.2721871893,'crowds_classification_56_acc',0.0315656566,'baseline_acc',0.8164983165
'loss',-6.9938731499,'crowds_classification_57_loss',-6.9938731499,'baseline_loss',2.8863169084,'crowds_classification_57_acc',0.0226220539,'baseline_acc',0.7281144781
'loss',-7.0378684323,'crowds_classification_58_loss',-7.0378684323,'baseline_loss',3.0324828385,'crowds_classification_58_acc',0.0115740741,'baseline_acc',0.7171717172
'loss',-7.0776882573,'crowds_classification_59_loss',-7.0776882573,'baseline_loss',1.2337453894,'crowds_classification_59_acc',0.0337752525,'baseline_acc',0.8232323232
'loss',-7.0161567328,'crowds_classification_60_loss',-7.0161567328,'baseline_loss',2.6263712112,'crowds_classification_60_acc',0.0202020202,'baseline_acc',0.7525252525
,,,,,,,,,
47,annotators,,,,,,,,
'loss',-7.0502681909,'crowds_classification_61_loss',-7.0502681909,'baseline_loss',2.6367481747,'crowds_classification_61_acc',0.0213594276,'baseline_acc',0.7643097643
'loss',-7.1122477978,'crowds_classification_62_loss',-7.1122477978,'baseline_loss',1.1584997722,'crowds_classification_62_acc',0.0208333333,'baseline_acc',0.8240740741
'loss',-7.0223396378,'crowds_classification_63_loss',-7.0223396378,'baseline_loss',2.9461761215,'crowds_classification_63_acc',0.0203072391,'baseline_acc',0.7297979798
'loss',-7.021258868,'crowds_classification_64_loss',-7.021258868,'baseline_loss',2.7725507292,'crowds_classification_64_acc',0.0190446128,'baseline_acc',0.7365319865
'loss',-7.0710899693,'crowds_classification_65_loss',-7.0710899693,'baseline_loss',2.454029929,'crowds_classification_65_acc',0.021043771,'baseline_acc',0.7676767677
'loss',-7.0366651297,'crowds_classification_66_loss',-7.0366651297,'baseline_loss',2.603055263,'crowds_classification_66_acc',0.0205176768,'baseline_acc',0.7474747475
'loss',-7.1167322987,'crowds_classification_67_loss',-7.1167322987,'baseline_loss',1.0577507055,'crowds_classification_67_acc',0.0330387205,'baseline_acc',0.8223905724
'loss',-7.0114728899,'crowds_classification_68_loss',-7.0114728899,'baseline_loss',2.7392573898,'crowds_classification_68_acc',0.0219907407,'baseline_acc',0.7415824916
'loss',-7.1117569397,'crowds_classification_69_loss',-7.1117569397,'baseline_loss',0.997997828,'crowds_classification_69_acc',0.0356691919,'baseline_acc',0.8358585859
'loss',-7.1071618944,'crowds_classification_70_loss',-7.1071618944,'baseline_loss',1.2251158637,'crowds_classification_70_acc',0.033459596,'baseline_acc',0.8324915825
'loss',-7.0485904867,'crowds_classification_71_loss',-7.0485904867,'baseline_loss',2.6234029604,'crowds_classification_71_acc',0.0280934343,'baseline_acc',0.7516835017
'loss',-7.1158802533,'crowds_classification_72_loss',-7.1158802533,'baseline_loss',0.9417323281,'crowds_classification_72_acc',0.0321969697,'baseline_acc',0.8341750842
'loss',-7.1105389563,'crowds_classification_73_loss',-7.1105389563,'baseline_loss',0.9038663099,'crowds_classification_73_acc',0.0321969697,'baseline_acc',0.8316498316
'loss',-7.1306595899,'crowds_classification_74_loss',-7.1306595899,'baseline_loss',1.072391403,'crowds_classification_74_acc',0.0287247475,'baseline_acc',0.835016835
'loss',-7.1013316193,'crowds_classification_75_loss',-7.1013316193,'baseline_loss',1.0732229901,'crowds_classification_75_acc',0.0310395623,'baseline_acc',0.8291245791
'loss',-7.0686483142,'crowds_classification_76_loss',-7.0686483142,'baseline_loss',1.1823631599,'crowds_classification_76_acc',0.0258838384,'baseline_acc',0.8274410774
'loss',-7.0993994816,'crowds_classification_77_loss',-7.0993994816,'baseline_loss',1.3416884308,'crowds_classification_77_acc',0.0123106061,'baseline_acc',0.8223905724
'loss',-7.1201696556,'crowds_classification_78_loss',-7.1201696556,'baseline_loss',1.0248253536,'crowds_classification_78_acc',0.0092592593,'baseline_acc',0.8173400673
'loss',-7.1295372661,'crowds_classification_79_loss',-7.1295372661,'baseline_loss',1.0086864883,'crowds_classification_79_acc',0.0425084175,'baseline_acc',0.8375420875
'loss',-7.1029752963,'crowds_classification_80_loss',-7.1029752963,'baseline_loss',1.1184995654,'crowds_classification_80_acc',0.0435606061,'baseline_acc',0.8265993266
,,,,,,,,,
46,annotators,,,,,,,,
'loss',-7.0763434384,'crowds_classification_81_loss',-7.0763434384,'baseline_loss',1.1912568949,'crowds_classification_81_acc',0.0285143098,'baseline_acc',0.813973064
'loss',-7.171269115,'crowds_classification_82_loss',-7.171269115,'baseline_loss',0.8130468903,'crowds_classification_82_acc',0.0412457912,'baseline_acc',0.8484848485
'loss',-7.1339665101,'crowds_classification_83_loss',-7.1339665101,'baseline_loss',1.020594725,'crowds_classification_83_acc',0.0318813131,'baseline_acc',0.8341750842
'loss',-7.1309653806,'crowds_classification_84_loss',-7.1309653806,'baseline_loss',0.976687278,'crowds_classification_84_acc',0.0310395623,'baseline_acc',0.8333333333
'loss',-7.0786911936,'crowds_classification_85_loss',-7.0786911936,'baseline_loss',2.4892954152,'crowds_classification_85_acc',0.0216750842,'baseline_acc',0.7651515152
'loss',-7.0848856968,'crowds_classification_86_loss',-7.0848856968,'baseline_loss',1.1893016321,'crowds_classification_86_acc',0.0332491582,'baseline_acc',0.8114478114
'loss',-7.1456781092,'crowds_classification_87_loss',-7.1456781092,'baseline_loss',0.989290149,'crowds_classification_87_acc',0.0409301347,'baseline_acc',0.8392255892
'loss',-7.1554449383,'crowds_classification_88_loss',-7.1554449383,'baseline_loss',0.9064852798,'crowds_classification_88_acc',0.0286195286,'baseline_acc',0.8375420875
'loss',-7.1267290709,'crowds_classification_89_loss',-7.1267290709,'baseline_loss',1.1601615923,'crowds_classification_89_acc',0.0309343434,'baseline_acc',0.8358585859
'loss',-7.0957516018,'crowds_classification_90_loss',-7.0957516018,'baseline_loss',1.1308829475,'crowds_classification_90_acc',0.0328282828,'baseline_acc',0.8148148148
'loss',-7.0747090365,'crowds_classification_91_loss',-7.0747090365,'baseline_loss',1.0731840342,'crowds_classification_91_acc',0.0417718855,'baseline_acc',0.8106060606
'loss',-7.1412602659,'crowds_classification_92_loss',-7.1412602659,'baseline_loss',1.0709649015,'crowds_classification_92_acc',0.0325126263,'baseline_acc',0.8383838384
'loss',-7.0949567705,'crowds_classification_93_loss',-7.0949567705,'baseline_loss',1.0869265747,'crowds_classification_93_acc',0.0339856902,'baseline_acc',0.8308080808
'loss',-7.0826816944,'crowds_classification_94_loss',-7.0826816944,'baseline_loss',1.1907604367,'crowds_classification_94_acc',0.0353535354,'baseline_acc',0.8148148148
'loss',-7.119868545,'crowds_classification_95_loss',-7.119868545,'baseline_loss',1.2278085559,'crowds_classification_95_acc',0.0118897306,'baseline_acc',0.8114478114
'loss',-7.110715423,'crowds_classification_96_loss',-7.110715423,'baseline_loss',1.2910625664,'crowds_classification_96_acc',0.023989899,'baseline_acc',0.8173400673
'loss',-7.1162897457,'crowds_classification_97_loss',-7.1162897457,'baseline_loss',1.0731476438,'crowds_classification_97_acc',0.0193602694,'baseline_acc',0.819023569
'loss',-7.1055346097,'crowds_classification_98_loss',-7.1055346097,'baseline_loss',1.1638220101,'crowds_classification_98_acc',0.0215698653,'baseline_acc',0.8232323232
'loss',-7.1308047041,'crowds_classification_99_loss',-7.1308047041,'baseline_loss',1.0035496802,'crowds_classification_99_acc',0.0352483165,'baseline_acc',0.8341750842
'loss',-7.1258319636,'crowds_classification_100_loss',-7.1258319636,'baseline_loss',0.9772217526,'crowds_classification_100_acc',0.0306186869,'baseline_acc',0.8265993266
,,,,,,,,,
45,annotators,,,,,,,,
'loss',-7.1494287722,'crowds_classification_101_loss',-7.1494287722,'baseline_loss',0.9482781199,'crowds_classification_101_acc',0.0245159933,'baseline_acc',0.8274410774
'loss',-7.0267903267,'crowds_classification_102_loss',-7.0267903267,'baseline_loss',2.6176339162,'crowds_classification_102_acc',0.0213594276,'baseline_acc',0.7441077441
'loss',-7.0993241654,'crowds_classification_103_loss',-7.0993241654,'baseline_loss',1.1315474159,'crowds_classification_103_acc',0.0329335017,'baseline_acc',0.819023569
'loss',-7.1034527242,'crowds_classification_104_loss',-7.1034527242,'baseline_loss',1.1382340842,'crowds_classification_104_acc',0.0435606061,'baseline_acc',0.8324915825
'loss',-7.0496229371,'crowds_classification_105_loss',-7.0496229371,'baseline_loss',2.5497394691,'crowds_classification_105_acc',0.0329335017,'baseline_acc',0.7491582492
'loss',-7.163649384,'crowds_classification_106_loss',-7.163649384,'baseline_loss',0.9833109396,'crowds_classification_106_acc',0.0187289562,'baseline_acc',0.8341750842
'loss',-7.0281527532,'crowds_classification_107_loss',-7.0281527532,'baseline_loss',2.9630773249,'crowds_classification_107_acc',0.0219907407,'baseline_acc',0.7281144781
'loss',-7.1493082079,'crowds_classification_108_loss',-7.1493082079,'baseline_loss',0.910000389,'crowds_classification_108_acc',0.0430345118,'baseline_acc',0.8442760943
'loss',-7.0569042309,'crowds_classification_109_loss',-7.0569042309,'baseline_loss',1.3846784284,'crowds_classification_109_acc',0.0259890572,'baseline_acc',0.8055555556
'loss',-7.1473449344,'crowds_classification_110_loss',-7.1473449344,'baseline_loss',1.1344680076,'crowds_classification_110_acc',0.0095749158,'baseline_acc',0.8291245791
'loss',-7.1155201305,'crowds_classification_111_loss',-7.1155201305,'baseline_loss',1.1757523719,'crowds_classification_111_acc',0.0434553872,'baseline_acc',0.8257575758
'loss',-7.1414435961,'crowds_classification_112_loss',-7.1414435961,'baseline_loss',0.8491080472,'crowds_classification_112_acc',0.030513468,'baseline_acc',0.8375420875
'loss',-7.0849578581,'crowds_classification_113_loss',-7.0849578581,'baseline_loss',1.2441738302,'crowds_classification_113_acc',0.0359848485,'baseline_acc',0.8249158249
'loss',-7.136485278,'crowds_classification_114_loss',-7.136485278,'baseline_loss',1.0779016357,'crowds_classification_114_acc',0.0324074074,'baseline_acc',0.8324915825
'loss',-7.0958650538,'crowds_classification_115_loss',-7.0958650538,'baseline_loss',1.2488615432,'crowds_classification_115_acc',0.0224116162,'baseline_acc',0.8080808081
'loss',-7.155079543,'crowds_classification_116_loss',-7.155079543,'baseline_loss',0.9784303971,'crowds_classification_116_acc',0.039246633,'baseline_acc',0.8409090909
'loss',-7.1310056645,'crowds_classification_117_loss',-7.1310056645,'baseline_loss',1.0621928228,'crowds_classification_117_acc',0.0353535354,'baseline_acc',0.8442760943
'loss',-7.1272031466,'crowds_classification_118_loss',-7.1272031466,'baseline_loss',1.0654685337,'crowds_classification_118_acc',0.0211489899,'baseline_acc',0.8324915825
'loss',-7.0280225381,'crowds_classification_119_loss',-7.0280225381,'baseline_loss',2.7127771426,'crowds_classification_119_acc',0.0211489899,'baseline_acc',0.7533670034
'loss',-6.9731317498,'crowds_classification_120_loss',-6.9731317498,'baseline_loss',2.8531978371,'crowds_classification_120_acc',0.0206228956,'baseline_acc',0.7138047138
,,,,,,,,,
44,annotators,,,,,,,,
'loss',-7.1298637374,'crowds_classification_121_loss',-7.1298637374,'baseline_loss',0.9532441623,'crowds_classification_121_acc',0.0321969697,'baseline_acc',0.8274410774
'loss',-7.05836959,'crowds_classification_122_loss',-7.05836959,'baseline_loss',2.7367835893,'crowds_classification_122_acc',0.0328282828,'baseline_acc',0.7424242424
'loss',-7.1553611996,'crowds_classification_123_loss',-7.1553611996,'baseline_loss',0.9784440238,'crowds_classification_123_acc',0.0341961279,'baseline_acc',0.8451178451
'loss',-7.1333503563,'crowds_classification_124_loss',-7.1333503563,'baseline_loss',1.0776978754,'crowds_classification_124_acc',0.0325126263,'baseline_acc',0.8274410774
'loss',-7.1481645308,'crowds_classification_125_loss',-7.1481645308,'baseline_loss',1.0839585671,'crowds_classification_125_acc',0.0128367003,'baseline_acc',0.8358585859
'loss',-7.140662447,'crowds_classification_126_loss',-7.140662447,'baseline_loss',1.0171418076,'crowds_classification_126_acc',0.0349326599,'baseline_acc',0.8451178451
'loss',-7.1583179705,'crowds_classification_127_loss',-7.1583179705,'baseline_loss',0.9496104337,'crowds_classification_127_acc',0.0124158249,'baseline_acc',0.8400673401
'loss',-7.1241925349,'crowds_classification_128_loss',-7.1241925349,'baseline_loss',1.1361347907,'crowds_classification_128_acc',0.0135732323,'baseline_acc',0.8223905724
'loss',-7.1334210694,'crowds_classification_129_loss',-7.1334210694,'baseline_loss',1.046949965,'crowds_classification_129_acc',0.0320917508,'baseline_acc',0.835016835
'loss',-7.0959561024,'crowds_classification_130_loss',-7.0959561024,'baseline_loss',1.1953456918,'crowds_classification_130_acc',0.0183080808,'baseline_acc',0.8089225589
'loss',-7.1199555895,'crowds_classification_131_loss',-7.1199555895,'baseline_loss',1.2026739126,'crowds_classification_131_acc',0.0317760943,'baseline_acc',0.8282828283
'loss',-7.1445234777,'crowds_classification_132_loss',-7.1445234777,'baseline_loss',1.0214831626,'crowds_classification_132_acc',0.032723064,'baseline_acc',0.8392255892
'loss',-7.1139317699,'crowds_classification_133_loss',-7.1139317699,'baseline_loss',1.1282554846,'crowds_classification_133_acc',0.0329335017,'baseline_acc',0.8333333333
'loss',-7.1126151326,'crowds_classification_134_loss',-7.1126151326,'baseline_loss',1.114251848,'crowds_classification_134_acc',0.0328282828,'baseline_acc',0.8324915825
'loss',-7.0418074348,'crowds_classification_135_loss',-7.0418074348,'baseline_loss',2.5620775677,'crowds_classification_135_acc',0.0200968013,'baseline_acc',0.7525252525
'loss',-7.1469548078,'crowds_classification_136_loss',-7.1469548078,'baseline_loss',1.0295009662,'crowds_classification_136_acc',0.0424031987,'baseline_acc',0.8392255892
'loss',-7.1645075111,'crowds_classification_137_loss',-7.1645075111,'baseline_loss',0.8600642407,'crowds_classification_137_acc',0.0313552189,'baseline_acc',0.8392255892
'loss',-7.1269649576,'crowds_classification_138_loss',-7.1269649576,'baseline_loss',1.0641436671,'crowds_classification_138_acc',0.0296717172,'baseline_acc',0.8181818182
'loss',-7.0986737531,'crowds_classification_139_loss',-7.0986737531,'baseline_loss',1.1910860721,'crowds_classification_139_acc',0.0363005051,'baseline_acc',0.8282828283
'loss',-7.1323481537,'crowds_classification_140_loss',-7.1323481537,'baseline_loss',1.0799326575,'crowds_classification_140_acc',0.0411405724,'baseline_acc',0.8240740741
,,,,,,,,,
43,annotators,,,,,,,,
'loss',-7.0195424324,'crowds_classification_141_loss',-7.0195424324,'baseline_loss',3.0023313292,'crowds_classification_141_acc',0.0228324916,'baseline_acc',0.7230639731
'loss',-7.0612378843,'crowds_classification_142_loss',-7.0612378843,'baseline_loss',2.5397582798,'crowds_classification_142_acc',0.0193602694,'baseline_acc',0.7449494949
'loss',-7.1397624514,'crowds_classification_143_loss',-7.1397624514,'baseline_loss',1.0453181564,'crowds_classification_143_acc',0.0308291246,'baseline_acc',0.8367003367
'loss',-7.0786991858,'crowds_classification_144_loss',-7.0786991858,'baseline_loss',1.2509447938,'crowds_classification_144_acc',0.0311447811,'baseline_acc',0.8013468013
'loss',-7.10468911,'crowds_classification_145_loss',-7.10468911,'baseline_loss',1.1616068432,'crowds_classification_145_acc',0.0304082492,'baseline_acc',0.8148148148
'loss',-7.1262396385,'crowds_classification_146_loss',-7.1262396385,'baseline_loss',1.1396803718,'crowds_classification_146_acc',0.0310395623,'baseline_acc',0.8282828283
'loss',-7.1298405891,'crowds_classification_147_loss',-7.1298405891,'baseline_loss',1.1678991429,'crowds_classification_147_acc',0.0340909091,'baseline_acc',0.8358585859
'loss',-7.1406521717,'crowds_classification_148_loss',-7.1406521717,'baseline_loss',1.0221406837,'crowds_classification_148_acc',0.0369318182,'baseline_acc',0.8316498316
'loss',-7.1454509404,'crowds_classification_149_loss',-7.1454509404,'baseline_loss',1.1682819238,'crowds_classification_149_acc',0.0106271044,'baseline_acc',0.8148148148
'loss',-7.0793571906,'crowds_classification_150_loss',-7.0793571906,'baseline_loss',2.3591389793,'crowds_classification_150_acc',0.0203072391,'baseline_acc',0.7525252525
'loss',-7.1490749028,'crowds_classification_151_loss',-7.1490749028,'baseline_loss',0.9381130437,'crowds_classification_151_acc',0.0336700337,'baseline_acc',0.8375420875
'loss',-7.147484789,'crowds_classification_152_loss',-7.147484789,'baseline_loss',1.0716698854,'crowds_classification_152_acc',0.0280934343,'baseline_acc',0.82996633
'loss',-7.1363374617,'crowds_classification_153_loss',-7.1363374617,'baseline_loss',1.169915493,'crowds_classification_153_acc',0.0190446128,'baseline_acc',0.8249158249
'loss',-7.0828123574,'crowds_classification_154_loss',-7.0828123574,'baseline_loss',1.3776646431,'crowds_classification_154_acc',0.0420875421,'baseline_acc',0.8038720539
'loss',-7.1221058393,'crowds_classification_155_loss',-7.1221058393,'baseline_loss',1.066663844,'crowds_classification_155_acc',0.0309343434,'baseline_acc',0.8265993266
'loss',-7.1398162938,'crowds_classification_156_loss',-7.1398162938,'baseline_loss',1.1974551607,'crowds_classification_156_acc',0.0326178451,'baseline_acc',0.8367003367
'loss',-7.1356790588,'crowds_classification_157_loss',-7.1356790588,'baseline_loss',1.0381520726,'crowds_classification_157_acc',0.0306186869,'baseline_acc',0.82996633
'loss',-7.1414595838,'crowds_classification_158_loss',-7.1414595838,'baseline_loss',1.0734523586,'crowds_classification_158_acc',0.0278829966,'baseline_acc',0.8240740741
'loss',-7.1172374539,'crowds_classification_159_loss',-7.1172374539,'baseline_loss',1.1382145278,'crowds_classification_159_acc',0.0127314815,'baseline_acc',0.8215488215
'loss',-7.1266595731,'crowds_classification_160_loss',-7.1266595731,'baseline_loss',1.1909196478,'crowds_classification_160_acc',0.0193602694,'baseline_acc',0.813973064
,,,,,,,,,
42,annotators,,,,,,,,
'loss',-7.1109882525,'crowds_classification_161_loss',-7.1109882525,'baseline_loss',1.0928937216,'crowds_classification_161_acc',0.0311447811,'baseline_acc',0.819023569
'loss',-7.1683062239,'crowds_classification_162_loss',-7.1683062239,'baseline_loss',0.9900177545,'crowds_classification_162_acc',0.0445075758,'baseline_acc',0.8425925926
'loss',-7.2025803605,'crowds_classification_163_loss',-7.2025803605,'baseline_loss',0.8537292191,'crowds_classification_163_acc',0.0333543771,'baseline_acc',0.8535353535
'loss',-7.135340278,'crowds_classification_164_loss',-7.135340278,'baseline_loss',1.3051867564,'crowds_classification_164_acc',0.0289351852,'baseline_acc',0.8265993266
'loss',-7.0702744494,'crowds_classification_165_loss',-7.0702744494,'baseline_loss',2.587138134,'crowds_classification_165_acc',0.0207281145,'baseline_acc',0.7592592593
'loss',-7.1905745111,'crowds_classification_166_loss',-7.1905745111,'baseline_loss',0.8953466221,'crowds_classification_166_acc',0.0198863636,'baseline_acc',0.8409090909
'loss',-7.1610110039,'crowds_classification_167_loss',-7.1610110039,'baseline_loss',0.9715309001,'crowds_classification_167_acc',0.0299873737,'baseline_acc',0.8375420875
'loss',-7.1404127737,'crowds_classification_168_loss',-7.1404127737,'baseline_loss',1.2017004456,'crowds_classification_168_acc',0.0104166667,'baseline_acc',0.8240740741
'loss',-7.1636225671,'crowds_classification_169_loss',-7.1636225671,'baseline_loss',0.8951912879,'crowds_classification_169_acc',0.0349326599,'baseline_acc',0.8316498316
'loss',-7.1412288862,'crowds_classification_170_loss',-7.1412288862,'baseline_loss',1.1606806261,'crowds_classification_170_acc',0.0315656566,'baseline_acc',0.8400673401
'loss',-7.0568383182,'crowds_classification_171_loss',-7.0568383182,'baseline_loss',2.7928959913,'crowds_classification_171_acc',0.0196759259,'baseline_acc',0.728956229
'loss',-7.1506696887,'crowds_classification_172_loss',-7.1506696887,'baseline_loss',1.0123251466,'crowds_classification_172_acc',0.0306186869,'baseline_acc',0.8282828283
'loss',-7.1488472749,'crowds_classification_173_loss',-7.1488472749,'baseline_loss',0.9364991413,'crowds_classification_173_acc',0.0307239057,'baseline_acc',0.8333333333
'loss',-7.1721639601,'crowds_classification_174_loss',-7.1721639601,'baseline_loss',0.9939998147,'crowds_classification_174_acc',0.0227272727,'baseline_acc',0.8367003367
'loss',-7.1289371433,'crowds_classification_175_loss',-7.1289371433,'baseline_loss',1.2154931706,'crowds_classification_175_acc',0.0324074074,'baseline_acc',0.8308080808
'loss',-7.1519627122,'crowds_classification_176_loss',-7.1519627122,'baseline_loss',1.0747510174,'crowds_classification_176_acc',0.0321969697,'baseline_acc',0.8308080808
'loss',-7.1409832187,'crowds_classification_177_loss',-7.1409832187,'baseline_loss',1.1283783996,'crowds_classification_177_acc',0.0348274411,'baseline_acc',0.8265993266
'loss',-7.1643072652,'crowds_classification_178_loss',-7.1643072652,'baseline_loss',0.9786046322,'crowds_classification_178_acc',0.0266203704,'baseline_acc',0.8442760943
'loss',-7.1684802566,'crowds_classification_179_loss',-7.1684802566,'baseline_loss',0.9714217355,'crowds_classification_179_acc',0.0345117845,'baseline_acc',0.8425925926
'loss',-7.1389456181,'crowds_classification_180_loss',-7.1389456181,'baseline_loss',1.0343618805,'crowds_classification_180_acc',0.0317760943,'baseline_acc',0.8333333333
,,,,,,,,,
41,annotators,,,,,,,,
'loss',-7.1770266668,'crowds_classification_181_loss',-7.1770266668,'baseline_loss',0.9917082079,'crowds_classification_181_acc',0.0422979798,'baseline_acc',0.8409090909
'loss',-7.1139008782,'crowds_classification_182_loss',-7.1139008782,'baseline_loss',2.9967720939,'crowds_classification_182_acc',0.0323021886,'baseline_acc',0.7079124579
'loss',-7.1283681208,'crowds_classification_183_loss',-7.1283681208,'baseline_loss',1.1726649049,'crowds_classification_183_acc',0.0238846801,'baseline_acc',0.8223905724
'loss',-7.1677705013,'crowds_classification_184_loss',-7.1677705013,'baseline_loss',1.0309395234,'crowds_classification_184_acc',0.0208333333,'baseline_acc',0.8434343434
'loss',-7.1545541359,'crowds_classification_185_loss',-7.1545541359,'baseline_loss',1.0177703355,'crowds_classification_185_acc',0.0416666667,'baseline_acc',0.8274410774
'loss',-7.1648552024,'crowds_classification_186_loss',-7.1648552024,'baseline_loss',0.9940619687,'crowds_classification_186_acc',0.0125210438,'baseline_acc',0.8316498316
'loss',-7.1925832061,'crowds_classification_187_loss',-7.1925832061,'baseline_loss',0.8548681432,'crowds_classification_187_acc',0.0331439394,'baseline_acc',0.8425925926
'loss',-7.058020611,'crowds_classification_188_loss',-7.058020611,'baseline_loss',2.6105736256,'crowds_classification_188_acc',0.0233585859,'baseline_acc',0.7525252525
'loss',-7.1169263827,'crowds_classification_189_loss',-7.1169263827,'baseline_loss',1.3281559155,'crowds_classification_189_acc',0.023253367,'baseline_acc',0.8072390572
'loss',-7.103689754,'crowds_classification_190_loss',-7.103689754,'baseline_loss',2.5198511869,'crowds_classification_190_acc',0.0216750842,'baseline_acc',0.7651515152
'loss',-7.1458653729,'crowds_classification_191_loss',-7.1458653729,'baseline_loss',1.1423756811,'crowds_classification_191_acc',0.0107323232,'baseline_acc',0.8215488215
'loss',-7.1819973747,'crowds_classification_192_loss',-7.1819973747,'baseline_loss',1.043471714,'crowds_classification_192_acc',0.0315656566,'baseline_acc',0.8417508418
'loss',-7.1687536753,'crowds_classification_193_loss',-7.1687536753,'baseline_loss',0.9674598628,'crowds_classification_193_acc',0.033459596,'baseline_acc',0.8400673401
'loss',-7.1655985964,'crowds_classification_194_loss',-7.1655985964,'baseline_loss',1.0789884114,'crowds_classification_194_acc',0.0233585859,'baseline_acc',0.8274410774
'loss',-7.1646288284,'crowds_classification_195_loss',-7.1646288284,'baseline_loss',1.2305131763,'crowds_classification_195_acc',0.0116792929,'baseline_acc',0.819023569
'loss',-7.1114419976,'crowds_classification_196_loss',-7.1114419976,'baseline_loss',2.5972753539,'crowds_classification_196_acc',0.0206228956,'baseline_acc',0.7651515152
'loss',-7.0990935801,'crowds_classification_197_loss',-7.0990935801,'baseline_loss',1.238388789,'crowds_classification_197_acc',0.0252525253,'baseline_acc',0.8122895623
'loss',-7.1428437185,'crowds_classification_198_loss',-7.1428437185,'baseline_loss',1.0213040776,'crowds_classification_198_acc',0.0357744108,'baseline_acc',0.8367003367
'loss',-7.1318751602,'crowds_classification_199_loss',-7.1318751602,'baseline_loss',1.1230861073,'crowds_classification_199_acc',0.0116792929,'baseline_acc',0.8198653199
'loss',-7.1414002313,'crowds_classification_200_loss',-7.1414002313,'baseline_loss',1.2225269894,'crowds_classification_200_acc',0.0105218855,'baseline_acc',0.8148148148
